[{"model": "sites.site", "pk": 2, "fields": {"domain": "example.com", "name": "example.com"}}, {"model": "flatpages.flatpage", "pk": 1, "fields": {"url": "/author/", "title": "Об авторе", "content": "<h3>Сделано Донских Алексеем</h3>\r\n<ul>\r\n<li><h4><a href=\"https://github.com/AlexeyDonskikh\">GitHub</a></h4></li>\r\n<li><h4><a href=\"https://www.linkedin.com/in/alexey-donskikh/\">LinkedIn</a></h4></li>\r\n</ul>", "enable_comments": false, "template_name": "", "registration_required": false, "sites": [2]}}, {"model": "flatpages.flatpage", "pk": 2, "fields": {"url": "/tech/", "title": "Технологии", "content": "<ul>\r\n<li><h3>Python 3.8</h3></li>\r\n<li><h3>Django 3</h3></li>\r\n<li><h3>Django Rest Framework</h3></li>\r\n<li><h3>PostgreSQL</h3></li>\r\n<li><h3>Gunicorn, Nginx</h3></li>\r\n<li><h3>Docker, docker-compose</h3></li>\r\n</ul>", "enable_comments": false, "template_name": "", "registration_required": false, "sites": [2]}}, {"model": "admin.logentry", "pk": 1, "fields": {"action_time": "2021-02-26T19:32:19.085Z", "user": 1, "content_type": 12, "object_id": "1", "object_repr": "breakfast", "action_flag": 1, "change_message": "[{\"added\": {}}]"}}, {"model": "admin.logentry", "pk": 2, "fields": {"action_time": "2021-02-26T19:32:33.140Z", "user": 1, "content_type": 12, "object_id": "2", "object_repr": "lunch", "action_flag": 1, "change_message": "[{\"added\": {}}]"}}, {"model": "admin.logentry", "pk": 3, "fields": {"action_time": "2021-02-26T19:32:42.719Z", "user": 1, "content_type": 12, "object_id": "3", "object_repr": "dinner", "action_flag": 1, "change_message": "[{\"added\": {}}]"}}, {"model": "admin.logentry", "pk": 4, "fields": {"action_time": "2021-02-26T19:33:03.354Z", "user": 1, "content_type": 6, "object_id": "2", "object_repr": "bogdan_neumehin", "action_flag": 1, "change_message": "[{\"added\": {}}]"}}, {"model": "admin.logentry", "pk": 5, "fields": {"action_time": "2021-02-26T19:33:28.000Z", "user": 1, "content_type": 6, "object_id": "2", "object_repr": "bogdan_neumehin", "action_flag": 2, "change_message": "[{\"changed\": {\"fields\": [\"First name\", \"Last name\"]}}]"}}, {"model": "admin.logentry", "pk": 6, "fields": {"action_time": "2021-02-26T19:33:51.899Z", "user": 1, "content_type": 6, "object_id": "3", "object_repr": "havier_sosiskin", "action_flag": 1, "change_message": "[{\"added\": {}}]"}}, {"model": "admin.logentry", "pk": 7, "fields": {"action_time": "2021-02-26T19:34:04.731Z", "user": 1, "content_type": 6, "object_id": "3", "object_repr": "havier_sosiskin", "action_flag": 2, "change_message": "[{\"changed\": {\"fields\": [\"First name\", \"Last name\"]}}]"}}, {"model": "admin.logentry", "pk": 8, "fields": {"action_time": "2021-02-26T19:34:24.060Z", "user": 1, "content_type": 6, "object_id": "4", "object_repr": "mirolyub_yaetsevarov", "action_flag": 1, "change_message": "[{\"added\": {}}]"}}, {"model": "admin.logentry", "pk": 9, "fields": {"action_time": "2021-02-26T19:34:43.185Z", "user": 1, "content_type": 6, "object_id": "4", "object_repr": "mirolyub_yaetsevarov", "action_flag": 2, "change_message": "[{\"changed\": {\"fields\": [\"First name\", \"Last name\"]}}]"}}, {"model": "admin.logentry", "pk": 10, "fields": {"action_time": "2021-02-26T19:34:59.340Z", "user": 1, "content_type": 6, "object_id": "5", "object_repr": "petr_krivorukov", "action_flag": 1, "change_message": "[{\"added\": {}}]"}}, {"model": "admin.logentry", "pk": 11, "fields": {"action_time": "2021-02-26T19:35:13.380Z", "user": 1, "content_type": 6, "object_id": "5", "object_repr": "petr_krivorukov", "action_flag": 2, "change_message": "[{\"changed\": {\"fields\": [\"First name\", \"Last name\"]}}]"}}, {"model": "admin.logentry", "pk": 12, "fields": {"action_time": "2021-02-26T19:35:57.820Z", "user": 1, "content_type": 10, "object_id": "1", "object_repr": "Яйцо, шт.", "action_flag": 1, "change_message": "[{\"added\": {}}]"}}, {"model": "admin.logentry", "pk": 13, "fields": {"action_time": "2021-02-26T19:37:19.067Z", "user": 1, "content_type": 11, "object_id": "1", "object_repr": "Яйцо вкрутую", "action_flag": 1, "change_message": "[{\"added\": {}}, {\"added\": {\"name\": \"\\u0438\\u043d\\u0433\\u0440\\u0435\\u0434\\u0438\\u0435\\u043d\\u0442 \\u0440\\u0435\\u0446\\u0435\\u043f\\u0442\\u0430\", \"object\": \"RecipeIngredient object (1)\"}}]"}}, {"model": "admin.logentry", "pk": 14, "fields": {"action_time": "2021-02-26T19:38:59.097Z", "user": 1, "content_type": 11, "object_id": "2", "object_repr": "Яйцо всмятку", "action_flag": 1, "change_message": "[{\"added\": {}}, {\"added\": {\"name\": \"\\u0438\\u043d\\u0433\\u0440\\u0435\\u0434\\u0438\\u0435\\u043d\\u0442 \\u0440\\u0435\\u0446\\u0435\\u043f\\u0442\\u0430\", \"object\": \"RecipeIngredient object (2)\"}}]"}}, {"model": "admin.logentry", "pk": 15, "fields": {"action_time": "2021-02-26T19:40:01.928Z", "user": 1, "content_type": 10, "object_id": "2", "object_repr": "Подсолнечное масло, мл", "action_flag": 1, "change_message": "[{\"added\": {}}]"}}, {"model": "admin.logentry", "pk": 16, "fields": {"action_time": "2021-02-26T19:40:06.229Z", "user": 1, "content_type": 11, "object_id": "3", "object_repr": "Яйцо жареное", "action_flag": 1, "change_message": "[{\"added\": {}}, {\"added\": {\"name\": \"\\u0438\\u043d\\u0433\\u0440\\u0435\\u0434\\u0438\\u0435\\u043d\\u0442 \\u0440\\u0435\\u0446\\u0435\\u043f\\u0442\\u0430\", \"object\": \"RecipeIngredient object (3)\"}}, {\"added\": {\"name\": \"\\u0438\\u043d\\u0433\\u0440\\u0435\\u0434\\u0438\\u0435\\u043d\\u0442 \\u0440\\u0435\\u0446\\u0435\\u043f\\u0442\\u0430\", \"object\": \"RecipeIngredient object (4)\"}}]"}}, {"model": "admin.logentry", "pk": 17, "fields": {"action_time": "2021-02-26T19:41:06.790Z", "user": 1, "content_type": 10, "object_id": "3", "object_repr": "Хлеб, г", "action_flag": 1, "change_message": "[{\"added\": {}}]"}}, {"model": "admin.logentry", "pk": 18, "fields": {"action_time": "2021-02-26T19:41:23.147Z", "user": 1, "content_type": 10, "object_id": "4", "object_repr": "Соль, г", "action_flag": 1, "change_message": "[{\"added\": {}}]"}}, {"model": "admin.logentry", "pk": 19, "fields": {"action_time": "2021-02-26T19:41:37.841Z", "user": 1, "content_type": 11, "object_id": "4", "object_repr": "Соленый хлеб", "action_flag": 1, "change_message": "[{\"added\": {}}, {\"added\": {\"name\": \"\\u0438\\u043d\\u0433\\u0440\\u0435\\u0434\\u0438\\u0435\\u043d\\u0442 \\u0440\\u0435\\u0446\\u0435\\u043f\\u0442\\u0430\", \"object\": \"RecipeIngredient object (5)\"}}, {\"added\": {\"name\": \"\\u0438\\u043d\\u0433\\u0440\\u0435\\u0434\\u0438\\u0435\\u043d\\u0442 \\u0440\\u0435\\u0446\\u0435\\u043f\\u0442\\u0430\", \"object\": \"RecipeIngredient object (6)\"}}]"}}, {"model": "admin.logentry", "pk": 20, "fields": {"action_time": "2021-02-26T19:42:54.390Z", "user": 1, "content_type": 10, "object_id": "5", "object_repr": "Картофель, г", "action_flag": 1, "change_message": "[{\"added\": {}}]"}}, {"model": "admin.logentry", "pk": 21, "fields": {"action_time": "2021-02-26T19:43:16.689Z", "user": 1, "content_type": 10, "object_id": "6", "object_repr": "Сосиска, шт.", "action_flag": 1, "change_message": "[{\"added\": {}}]"}}, {"model": "admin.logentry", "pk": 22, "fields": {"action_time": "2021-02-26T19:43:46.010Z", "user": 1, "content_type": 11, "object_id": "5", "object_repr": "Салат \"Царский\"", "action_flag": 1, "change_message": "[{\"added\": {}}, {\"added\": {\"name\": \"\\u0438\\u043d\\u0433\\u0440\\u0435\\u0434\\u0438\\u0435\\u043d\\u0442 \\u0440\\u0435\\u0446\\u0435\\u043f\\u0442\\u0430\", \"object\": \"RecipeIngredient object (7)\"}}, {\"added\": {\"name\": \"\\u0438\\u043d\\u0433\\u0440\\u0435\\u0434\\u0438\\u0435\\u043d\\u0442 \\u0440\\u0435\\u0446\\u0435\\u043f\\u0442\\u0430\", \"object\": \"RecipeIngredient object (8)\"}}, {\"added\": {\"name\": \"\\u0438\\u043d\\u0433\\u0440\\u0435\\u0434\\u0438\\u0435\\u043d\\u0442 \\u0440\\u0435\\u0446\\u0435\\u043f\\u0442\\u0430\", \"object\": \"RecipeIngredient object (9)\"}}, {\"added\": {\"name\": \"\\u0438\\u043d\\u0433\\u0440\\u0435\\u0434\\u0438\\u0435\\u043d\\u0442 \\u0440\\u0435\\u0446\\u0435\\u043f\\u0442\\u0430\", \"object\": \"RecipeIngredient object (10)\"}}]"}}, {"model": "admin.logentry", "pk": 23, "fields": {"action_time": "2021-02-26T19:44:31.844Z", "user": 1, "content_type": 11, "object_id": "6", "object_repr": "Вареные сосиски", "action_flag": 1, "change_message": "[{\"added\": {}}, {\"added\": {\"name\": \"\\u0438\\u043d\\u0433\\u0440\\u0435\\u0434\\u0438\\u0435\\u043d\\u0442 \\u0440\\u0435\\u0446\\u0435\\u043f\\u0442\\u0430\", \"object\": \"RecipeIngredient object (11)\"}}]"}}, {"model": "admin.logentry", "pk": 24, "fields": {"action_time": "2021-02-26T19:45:22.732Z", "user": 1, "content_type": 10, "object_id": "7", "object_repr": "Горчица, г", "action_flag": 1, "change_message": "[{\"added\": {}}]"}}, {"model": "admin.logentry", "pk": 25, "fields": {"action_time": "2021-02-26T19:45:32.245Z", "user": 1, "content_type": 11, "object_id": "7", "object_repr": "Язык в горчице", "action_flag": 1, "change_message": "[{\"added\": {}}, {\"added\": {\"name\": \"\\u0438\\u043d\\u0433\\u0440\\u0435\\u0434\\u0438\\u0435\\u043d\\u0442 \\u0440\\u0435\\u0446\\u0435\\u043f\\u0442\\u0430\", \"object\": \"RecipeIngredient object (12)\"}}]"}}, {"model": "admin.logentry", "pk": 26, "fields": {"action_time": "2021-02-26T19:45:32.565Z", "user": 1, "content_type": 11, "object_id": "8", "object_repr": "Язык в горчице", "action_flag": 1, "change_message": "[{\"added\": {}}, {\"added\": {\"name\": \"\\u0438\\u043d\\u0433\\u0440\\u0435\\u0434\\u0438\\u0435\\u043d\\u0442 \\u0440\\u0435\\u0446\\u0435\\u043f\\u0442\\u0430\", \"object\": \"RecipeIngredient object (13)\"}}]"}}, {"model": "admin.logentry", "pk": 27, "fields": {"action_time": "2021-02-26T19:47:38.359Z", "user": 1, "content_type": 2, "object_id": "1", "object_repr": "/author/ -- Об авторе", "action_flag": 1, "change_message": "[{\"added\": {}}]"}}, {"model": "admin.logentry", "pk": 28, "fields": {"action_time": "2021-02-26T19:47:58.384Z", "user": 1, "content_type": 11, "object_id": "8", "object_repr": "Язык в горчице", "action_flag": 3, "change_message": ""}}, {"model": "admin.logentry", "pk": 29, "fields": {"action_time": "2021-02-26T19:50:51.988Z", "user": 1, "content_type": 2, "object_id": "2", "object_repr": "/tech/ -- Технологии", "action_flag": 1, "change_message": "[{\"added\": {}}]"}}, {"model": "auth.permission", "pk": 1, "fields": {"name": "Can add site", "content_type": 1, "codename": "add_site"}}, {"model": "auth.permission", "pk": 2, "fields": {"name": "Can change site", "content_type": 1, "codename": "change_site"}}, {"model": "auth.permission", "pk": 3, "fields": {"name": "Can delete site", "content_type": 1, "codename": "delete_site"}}, {"model": "auth.permission", "pk": 4, "fields": {"name": "Can view site", "content_type": 1, "codename": "view_site"}}, {"model": "auth.permission", "pk": 5, "fields": {"name": "Can add flat page", "content_type": 2, "codename": "add_flatpage"}}, {"model": "auth.permission", "pk": 6, "fields": {"name": "Can change flat page", "content_type": 2, "codename": "change_flatpage"}}, {"model": "auth.permission", "pk": 7, "fields": {"name": "Can delete flat page", "content_type": 2, "codename": "delete_flatpage"}}, {"model": "auth.permission", "pk": 8, "fields": {"name": "Can view flat page", "content_type": 2, "codename": "view_flatpage"}}, {"model": "auth.permission", "pk": 9, "fields": {"name": "Can add log entry", "content_type": 3, "codename": "add_logentry"}}, {"model": "auth.permission", "pk": 10, "fields": {"name": "Can change log entry", "content_type": 3, "codename": "change_logentry"}}, {"model": "auth.permission", "pk": 11, "fields": {"name": "Can delete log entry", "content_type": 3, "codename": "delete_logentry"}}, {"model": "auth.permission", "pk": 12, "fields": {"name": "Can view log entry", "content_type": 3, "codename": "view_logentry"}}, {"model": "auth.permission", "pk": 13, "fields": {"name": "Can add permission", "content_type": 4, "codename": "add_permission"}}, {"model": "auth.permission", "pk": 14, "fields": {"name": "Can change permission", "content_type": 4, "codename": "change_permission"}}, {"model": "auth.permission", "pk": 15, "fields": {"name": "Can delete permission", "content_type": 4, "codename": "delete_permission"}}, {"model": "auth.permission", "pk": 16, "fields": {"name": "Can view permission", "content_type": 4, "codename": "view_permission"}}, {"model": "auth.permission", "pk": 17, "fields": {"name": "Can add group", "content_type": 5, "codename": "add_group"}}, {"model": "auth.permission", "pk": 18, "fields": {"name": "Can change group", "content_type": 5, "codename": "change_group"}}, {"model": "auth.permission", "pk": 19, "fields": {"name": "Can delete group", "content_type": 5, "codename": "delete_group"}}, {"model": "auth.permission", "pk": 20, "fields": {"name": "Can view group", "content_type": 5, "codename": "view_group"}}, {"model": "auth.permission", "pk": 21, "fields": {"name": "Can add user", "content_type": 6, "codename": "add_user"}}, {"model": "auth.permission", "pk": 22, "fields": {"name": "Can change user", "content_type": 6, "codename": "change_user"}}, {"model": "auth.permission", "pk": 23, "fields": {"name": "Can delete user", "content_type": 6, "codename": "delete_user"}}, {"model": "auth.permission", "pk": 24, "fields": {"name": "Can view user", "content_type": 6, "codename": "view_user"}}, {"model": "auth.permission", "pk": 25, "fields": {"name": "Can add content type", "content_type": 7, "codename": "add_contenttype"}}, {"model": "auth.permission", "pk": 26, "fields": {"name": "Can change content type", "content_type": 7, "codename": "change_contenttype"}}, {"model": "auth.permission", "pk": 27, "fields": {"name": "Can delete content type", "content_type": 7, "codename": "delete_contenttype"}}, {"model": "auth.permission", "pk": 28, "fields": {"name": "Can view content type", "content_type": 7, "codename": "view_contenttype"}}, {"model": "auth.permission", "pk": 29, "fields": {"name": "Can add session", "content_type": 8, "codename": "add_session"}}, {"model": "auth.permission", "pk": 30, "fields": {"name": "Can change session", "content_type": 8, "codename": "change_session"}}, {"model": "auth.permission", "pk": 31, "fields": {"name": "Can delete session", "content_type": 8, "codename": "delete_session"}}, {"model": "auth.permission", "pk": 32, "fields": {"name": "Can view session", "content_type": 8, "codename": "view_session"}}, {"model": "auth.permission", "pk": 33, "fields": {"name": "Can add kv store", "content_type": 9, "codename": "add_kvstore"}}, {"model": "auth.permission", "pk": 34, "fields": {"name": "Can change kv store", "content_type": 9, "codename": "change_kvstore"}}, {"model": "auth.permission", "pk": 35, "fields": {"name": "Can delete kv store", "content_type": 9, "codename": "delete_kvstore"}}, {"model": "auth.permission", "pk": 36, "fields": {"name": "Can view kv store", "content_type": 9, "codename": "view_kvstore"}}, {"model": "auth.permission", "pk": 37, "fields": {"name": "Can add ингредиент", "content_type": 10, "codename": "add_ingredient"}}, {"model": "auth.permission", "pk": 38, "fields": {"name": "Can change ингредиент", "content_type": 10, "codename": "change_ingredient"}}, {"model": "auth.permission", "pk": 39, "fields": {"name": "Can delete ингредиент", "content_type": 10, "codename": "delete_ingredient"}}, {"model": "auth.permission", "pk": 40, "fields": {"name": "Can view ингредиент", "content_type": 10, "codename": "view_ingredient"}}, {"model": "auth.permission", "pk": 41, "fields": {"name": "Can add рецепт", "content_type": 11, "codename":"add_recipe"}}, {"model": "auth.permission", "pk": 42, "fields": {"name": "Can change рецепт", "content_type": 11, "codename": "change_recipe"}}, {"model": "auth.permission", "pk": 43, "fields": {"name": "Can delete рецепт", "content_type": 11, "codename": "delete_recipe"}}, {"model": "auth.permission", "pk": 44, "fields": {"name": "Can view рецепт", "content_type": 11, "codename": "view_recipe"}}, {"model": "auth.permission", "pk": 45, "fields": {"name": "Can add тег", "content_type": 12, "codename": "add_tag"}}, {"model": "auth.permission", "pk": 46, "fields": {"name": "Can change тег", "content_type": 12, "codename": "change_tag"}}, {"model": "auth.permission", "pk": 47, "fields": {"name": "Can delete тег", "content_type": 12, "codename": "delete_tag"}}, {"model": "auth.permission", "pk": 48, "fields": {"name": "Can view тег", "content_type": 12, "codename": "view_tag"}}, {"model": "auth.permission", "pk": 49, "fields": {"name": "Can add ингредиент рецепта", "content_type": 13, "codename": "add_recipeingredient"}}, {"model": "auth.permission", "pk": 50, "fields": {"name": "Can change ингредиент рецепта", "content_type": 13, "codename": "change_recipeingredient"}}, {"model": "auth.permission", "pk": 51, "fields": {"name": "Can delete ингредиент рецепта", "content_type": 13, "codename": "delete_recipeingredient"}}, {"model": "auth.permission", "pk": 52, "fields": {"name": "Can view ингредиент рецепта", "content_type": 13, "codename": "view_recipeingredient"}}, {"model": "auth.permission", "pk": 53, "fields": {"name": "Can add Подписка", "content_type": 14, "codename": "add_subscription"}}, {"model": "auth.permission", "pk": 54, "fields": {"name": "Can change Подписка", "content_type": 14, "codename": "change_subscription"}}, {"model": "auth.permission", "pk": 55, "fields": {"name": "Can delete Подписка", "content_type": 14, "codename": "delete_subscription"}}, {"model": "auth.permission", "pk": 56, "fields": {"name": "Can view Подписка", "content_type": 14, "codename": "view_subscription"}}, {"model": "auth.permission", "pk": 57, "fields": {"name": "Can add список покупок", "content_type": 15, "codename": "add_purchase"}}, {"model": "auth.permission", "pk": 58, "fields": {"name": "Can change список покупок", "content_type": 15, "codename": "change_purchase"}}, {"model": "auth.permission", "pk": 59, "fields": {"name": "Can delete список покупок", "content_type": 15, "codename": "delete_purchase"}}, {"model": "auth.permission", "pk": 60, "fields": {"name": "Can view список покупок", "content_type": 15, "codename": "view_purchase"}}, {"model": "auth.permission", "pk": 61, "fields": {"name": "Can add Избранный рецепт", "content_type": 16, "codename": "add_favorite"}}, {"model": "auth.permission", "pk": 62, "fields": {"name": "Can change Избранный рецепт", "content_type": 16, "codename": "change_favorite"}}, {"model": "auth.permission", "pk": 63, "fields": {"name": "Can delete Избранный рецепт", "content_type": 16, "codename": "delete_favorite"}}, {"model": "auth.permission", "pk": 64, "fields": {"name": "Can view Избранный рецепт", "content_type": 16, "codename": "view_favorite"}}, {"model": "auth.user", "pk": 1, "fields": {"password": "pbkdf2_sha256$216000$H292n39OyeFX$OD1Y3qFgCEpAWXtGo5EqaEzssTqy5eVEgbx5aqLF9wQ=", "last_login": "2021-02-26T19:31:55.863Z", "is_superuser": true, "username": "root", "first_name": "", "last_name": "", "email": "root@mail.ru", "is_staff": true, "is_active": true, "date_joined": "2021-02-26T19:31:37.092Z", "groups": [], "user_permissions": []}}, {"model": "auth.user", "pk": 2, "fields": {"password": "pbkdf2_sha256$216000$DcW55MZ0mNcB$FeydtXpEh9ikRVGnWw0P6GJl19ntdy9EjSw/VmD/Xiw=", "last_login": null, "is_superuser": false, "username": "bogdan_neumehin", "first_name": "Богдан", "last_name": "Неумехин", "email": "", "is_staff": false, "is_active": true, "date_joined": "2021-02-26T19:33:03Z", "groups": [], "user_permissions": []}}, {"model": "auth.user", "pk": 3, "fields": {"password": "pbkdf2_sha256$216000$nPTVw8GvIfYX$00/0Wn3j5YML2ji+ul5V2wDto6DCRHxtJyn780Ik920=", "last_login": null, "is_superuser": false, "username": "havier_sosiskin", "first_name": "Хавьер", "last_name": "Сосискин", "email": "", "is_staff": false, "is_active": true, "date_joined": "2021-02-26T19:33:51Z", "groups": [], "user_permissions": []}}, {"model": "auth.user", "pk": 4, "fields": {"password": "pbkdf2_sha256$216000$vwCKlZJ6f04r$xM2B5bRjplgZct3mzQDAbf77Mwh0Sxcj/mc/ACND5bE=", "last_login": null, "is_superuser": false, "username": "mirolyub_yaetsevarov", "first_name": "Миролюб", "last_name": "Яйцеваров", "email": "", "is_staff": false, "is_active": true, "date_joined": "2021-02-26T19:34:23Z", "groups": [], "user_permissions": []}}, {"model": "auth.user", "pk": 5, "fields": {"password": "pbkdf2_sha256$216000$8dzPla1B3FoH$6vyQYxn4L/CgkrMEuIK+SRraJPV1MOduNRoV1utlzjo=", "last_login": null, "is_superuser": false, "username": "petr_krivorukov", "first_name": "Петр", "last_name": "Криворуков", "email": "", "is_staff": false, "is_active": true, "date_joined": "2021-02-26T19:34:59Z", "groups": [], "user_permissions": []}}, {"model": "contenttypes.contenttype", "pk": 1, "fields": {"app_label": "sites", "model": "site"}}, {"model": "contenttypes.contenttype", "pk": 2, "fields": {"app_label": "flatpages", "model": "flatpage"}}, {"model": "contenttypes.contenttype", "pk": 3, "fields": {"app_label": "admin", "model": "logentry"}}, {"model": "contenttypes.contenttype", "pk": 4, "fields": {"app_label": "auth", "model": "permission"}}, {"model": "contenttypes.contenttype", "pk": 5, "fields": {"app_label": "auth", "model": "group"}}, {"model": "contenttypes.contenttype", "pk": 6, "fields": {"app_label": "auth", "model": "user"}}, {"model": "contenttypes.contenttype", "pk": 7, "fields": {"app_label": "contenttypes", "model": "contenttype"}}, {"model": "contenttypes.contenttype", "pk": 8, "fields": {"app_label": "sessions", "model": "session"}}, {"model": "contenttypes.contenttype", "pk": 9, "fields": {"app_label": "thumbnail", "model": "kvstore"}}, {"model": "contenttypes.contenttype", "pk": 10, "fields": {"app_label": "recipes", "model": "ingredient"}}, {"model": "contenttypes.contenttype", "pk": 11, "fields": {"app_label": "recipes", "model": "recipe"}}, {"model": "contenttypes.contenttype", "pk": 12, "fields": {"app_label": "recipes", "model": "tag"}}, {"model": "contenttypes.contenttype", "pk": 13, "fields": {"app_label": "recipes", "model": "recipeingredient"}}, {"model": "contenttypes.contenttype", "pk": 14, "fields": {"app_label": "api", "model": "subscription"}}, {"model": "contenttypes.contenttype", "pk": 15, "fields": {"app_label": "api", "model": "purchase"}}, {"model": "contenttypes.contenttype", "pk": 16, "fields": {"app_label": "api", "model": "favorite"}}, {"model": "sessions.session", "pk": "nemndp66g2mk7exo9ritxajtq54fqpll", "fields": {"session_data": ".eJxVjDEOwjAMRe-SGUWNnbTAyM4ZKsd2SAElUtNOiLtDpQ6w_vfef5mR1iWPa9N5nMScjTOH3y0SP7RsQO5UbtVyLcs8RbspdqfNXqvo87K7fweZWv7WnhEoanBOhODEHUUQ6gKm3mPyKDoQsUvciwPCgMApgOIxBhkAo3l_AAK6OJQ:1lFiqB:7-QTkMwZcl3lJknY2B7XsISp1L6VP0IEmXeNoLBNARI", "expire_date": "2021-03-12T19:31:55.871Z"}}, {"model": "thumbnail.kvstore", "pk": "sorl-thumbnail||image||2e7d5d9c1a97ed63bc49d4ec9678f45b", "fields": {"value": "{\"name\": \"recipes/a7_SkgWfhN.jpeg\", \"storage\": \"django.core.files.storage.FileSystemStorage\", \"size\": [228, 221]}"}}, {"model": "thumbnail.kvstore", "pk": "sorl-thumbnail||image||2f65590deb71317756fc6cb8e09a310d", "fields": {"value": "{\"name\": \"cache/fb/45/fb45f03938b7354ee1469f0c3dd7426b.jpg\", \"storage\": \"django.core.files.storage.FileSystemStorage\", \"size\": [960, 500]}"}}, {"model": "thumbnail.kvstore", "pk": "sorl-thumbnail||image||2f8bc599ac49d2e8b73ff5b05238ca3a", "fields": {"value": "{\"name\": \"cache/c9/76/c9762971d61e5bfb989b00d0cb39ba4c.jpg\", \"storage\": \"django.core.files.storage.FileSystemStorage\", \"size\": [960, 500]}"}}, {"model": "thumbnail.kvstore", "pk": "sorl-thumbnail||image||3f90548cf01b5cf87e7a975b4fe20bb5", "fields": {"value": "{\"name\": \"cache/68/35/6835a6d9c04465c8ecfe756509ba1bf9.jpg\", \"storage\": \"django.core.files.storage.FileSystemStorage\", \"size\": [960, 500]}"}}, {"model": "thumbnail.kvstore", "pk": "sorl-thumbnail||image||41f69fdaf682f1a95fe4c4542d29635e", "fields": {"value": "{\"name\": \"recipes/a3.jpg\", \"storage\": \"django.core.files.storage.FileSystemStorage\", \"size\": [700, 518]}"}}, {"model": "thumbnail.kvstore", "pk": "sorl-thumbnail||image||618257791e3aeb6c00e23e814b7385a2", "fields": {"value": "{\"name\": \"cache/8b/71/8b71d5889964ddd685cb0b9f82cc9d7c.jpg\", \"storage\": \"django.core.files.storage.FileSystemStorage\", \"size\": [960, 500]}"}}, {"model": "thumbnail.kvstore", "pk": "sorl-thumbnail||image||85767151d12c295aae14b3b641a714b5", "fields": {"value": "{\"name\": \"recipes/a7.jpeg\", \"storage\": \"django.core.files.storage.FileSystemStorage\", \"size\": [228, 221]}"}}, {"model": "thumbnail.kvstore", "pk": "sorl-thumbnail||image||92863b2ccea02f3c26c9fd576dd53ec0", "fields": {"value": "{\"name\": \"recipes/a6.jpg\", \"storage\": \"django.core.files.storage.FileSystemStorage\", \"size\": [750, 446]}"}}, {"model": "thumbnail.kvstore", "pk": "sorl-thumbnail||image||97c7016865bb7da2e1ae4fa51c51c02d", "fields": {"value": "{\"name\": \"recipes/a5.jpg\", \"storage\": \"django.core.files.storage.FileSystemStorage\", \"size\": [700, 451]}"}}, {"model": "thumbnail.kvstore", "pk": "sorl-thumbnail||image||a29e3b961dc786e56fafe18b3edaa9fd", "fields": {"value": "{\"name\": \"recipes/a2.jpg\", \"storage\": \"django.core.files.storage.FileSystemStorage\", \"size\": [300, 255]}"}}, {"model": "thumbnail.kvstore", "pk": "sorl-thumbnail||image||ab583e413a6a29472c598bdb35d8367c", "fields": {"value": "{\"name\": \"recipes/a1.jpg\", \"storage\": \"django.core.files.storage.FileSystemStorage\", \"size\": [650, 330]}"}}, {"model": "thumbnail.kvstore", "pk": "sorl-thumbnail||image||b69de28c82532e76acdf951ca3074fc5", "fields": {"value": "{\"name\": \"cache/fb/39/fb399db4336ddcdb2bd563e2abb3e03b.jpg\", \"storage\": \"django.core.files.storage.FileSystemStorage\", \"size\": [960, 500]}"}}, {"model": "thumbnail.kvstore", "pk": "sorl-thumbnail||image||ba1460b71dcc39b212cc7ca64a3d92de", "fields": {"value": "{\"name\": \"recipes/a4.jpg\", \"storage\": \"django.core.files.storage.FileSystemStorage\", \"size\": [640, 480]}"}}, {"model": "thumbnail.kvstore", "pk": "sorl-thumbnail||image||bc2f2934b5e97a692bf25dfcdb2f3820", "fields": {"value": "{\"name\": \"cache/1e/bf/1ebfd92483caf761ae9d2adf808a9439.jpg\", \"storage\": \"django.core.files.storage.FileSystemStorage\", \"size\": [960, 500]}"}}, {"model": "thumbnail.kvstore", "pk": "sorl-thumbnail||image||daa2eacf18a7d3e7bebddd987f8953b5", "fields": {"value": "{\"name\": \"cache/88/56/8856afbf83b9cae99f82a60a37fde714.jpg\", \"storage\": \"django.core.files.storage.FileSystemStorage\", \"size\": [960, 500]}"}}, {"model": "thumbnail.kvstore", "pk": "sorl-thumbnail||image||f864d7371c86e8f853732ee965a45e9a", "fields": {"value": "{\"name\": \"cache/96/cc/96cc2f111b97d84f15f3f74a1ff5a9cc.jpg\", \"storage\": \"django.core.files.storage.FileSystemStorage\", \"size\": [960, 500]}"}}, {"model": "thumbnail.kvstore", "pk": "sorl-thumbnail||thumbnails||2e7d5d9c1a97ed63bc49d4ec9678f45b", "fields": {"value": "[\"618257791e3aeb6c00e23e814b7385a2\"]"}}, {"model": "thumbnail.kvstore", "pk": "sorl-thumbnail||thumbnails||41f69fdaf682f1a95fe4c4542d29635e", "fields": {"value": "[\"3f90548cf01b5cf87e7a975b4fe20bb5\"]"}}, {"model": "thumbnail.kvstore", "pk": "sorl-thumbnail||thumbnails||85767151d12c295aae14b3b641a714b5", "fields": {"value": "[\"f864d7371c86e8f853732ee965a45e9a\"]"}}, {"model": "thumbnail.kvstore", "pk": "sorl-thumbnail||thumbnails||92863b2ccea02f3c26c9fd576dd53ec0", "fields": {"value": "[\"b69de28c82532e76acdf951ca3074fc5\"]"}}, {"model": "thumbnail.kvstore", "pk": "sorl-thumbnail||thumbnails||97c7016865bb7da2e1ae4fa51c51c02d", "fields": {"value": "[\"bc2f2934b5e97a692bf25dfcdb2f3820\"]"}}, {"model": "thumbnail.kvstore", "pk": "sorl-thumbnail||thumbnails||a29e3b961dc786e56fafe18b3edaa9fd", "fields": {"value": "[\"daa2eacf18a7d3e7bebddd987f8953b5\"]"}}, {"model": "thumbnail.kvstore", "pk": "sorl-thumbnail||thumbnails||ab583e413a6a29472c598bdb35d8367c", "fields": {"value": "[\"2f8bc599ac49d2e8b73ff5b05238ca3a\"]"}}, {"model": "thumbnail.kvstore", "pk": "sorl-thumbnail||thumbnails||ba1460b71dcc39b212cc7ca64a3d92de", "fields": {"value": "[\"2f65590deb71317756fc6cb8e09a310d\"]"}}, {"model": "recipes.ingredient", "pk": 1, "fields": {"title": "Яйцо", "dimension": "шт."}}, {"model": "recipes.ingredient", "pk": 2, "fields": {"title": "Подсолнечное масло", "dimension": "мл"}}, {"model": "recipes.ingredient", "pk": 3, "fields": {"title": "Хлеб", "dimension": "г"}}, {"model": "recipes.ingredient", "pk": 4, "fields": {"title": "Соль", "dimension": "г"}}, {"model": "recipes.ingredient", "pk": 5, "fields": {"title": "Картофель", "dimension": "г"}}, {"model": "recipes.ingredient", "pk": 6, "fields": {"title": "Сосиска", "dimension": "шт."}}, {"model": "recipes.ingredient", "pk": 7, "fields": {"title": "Горчица", "dimension": "г"}}, {"model": "recipes.recipe", "pk": 1, "fields": {"author": 4, "title": "Яйцо вкрутую", "image": "recipes/a2.jpg", "text": "Время варки яиц вкрутую 8–10 минут, считая с момента закипания воды, в которую положены яйца. При более продолжительной варке белок яйца делается слишком твердым, а желток теряет свою ярко-желтую окраску.\r\nСваренные яйца надо немедленно опустить в холодную воду, иначе их трудно будет очистить от скорлупы.", "cooking_time": 10, "slug": "yajtso-vkrutuyu", "pub_date": "2021-02-26T19:37:19.064Z", "tags": [1]}}, {"model": "recipes.recipe", "pk": 2, "fields": {"author": 4, "title": "Яйцо всмятку", "image": "recipes/a1.jpg", "text": "Есть два варианты приготовления яиц - выкладывать яйца в уже кипящую воду, или в холодную. От этого зависит сколько минут будет вариться яйцо и какое получится. Мы ставим холодную воду на огонь и доводим до кипения.\r\nЕсть один секрет, чтобы яйца не лопнули их необходимо достать из холодильника и немного нагреть в теплой воде.\r\nЗатем в кипящую воду столовой ложкой опускаем одно за другим яйца. Варим 4-5 минут, не больше.\r\nЧтобы яйцо легче чистилось начинайте этот процесс с более круглой части яйца.", "cooking_time": 5, "slug": "yajtso-vsmyatku", "pub_date": "2021-02-26T19:38:59.095Z", "tags": [1]}}, {"model": "recipes.recipe", "pk": 3, "fields": {"author": 4, "title": "Яйцо жареное", "image": "recipes/a3.jpg", "text": "Не очень характерный рецепт для моего рациона, но попробуем разобраться, как это сделать.\r\n\r\nСлегка прогрейте сковородку. Влейте растительное масло или растопите сливочное.\r\nПосле этого выключите газ на 30–40 секунд или переставьте ёмкость на холодную конфорку — благодаря этому посуда не перегреется и яйца прожарятся равномерно. Хотя если вы любите хрустящие края, этот шаг можно пропустить.\r\nАккуратно добавьте яйца. Можно разбить их сразу над сковородой или же в небольшую отдельную ёмкость, перелив затем в сковороду.\r\nУбавьте огонь до минимального. Если готовить яичницу на сильном огне, она может подгореть. А за счёт слабого нагревания яйца будут прожариваться медленно и равномерно, края при этом не пересушатся. Если вам, наоборот, нужна хрустящая корочка, сделайте умеренный или средний огонь.\r\nИногда, если яйца не достаточно растеклись, часть белка вокруг желтка остаётся жидковатой. Если вам это не нравится, осторожно разорвите её вилкой, не задевая желток. Делать это нужно, когда побелеет нижняя часть белка.\r\nЖарить яичницу на медленном огне нужно 4–5 минут. Если температура повыше, потребуется немного меньше времени. Блюдо будет готовым, когда белок побелеет и схватится. Не забывайте, что желток при этом должен остаться жидким.\r\nСолить яйца лучше в конце приготовления или уже после подачи на стол.", "cooking_time": 5, "slug": "yajtso-zharenoe", "pub_date": "2021-02-26T19:40:06.226Z", "tags": [1, 3]}}, {"model": "recipes.recipe", "pk": 4, "fields": {"author": 2, "title": "Соленый хлеб", "image": "recipes/a4.jpg", "text": "Рецепт очень сложный для меня. Но постараюсь объяснить.\r\nБерем обычный хлеб, я купил Бородинский по акции в пяторочке. И немножко соли. \r\nРежем хлеб на небольшие кусочки.\r\nКаждый кусочек посыпаем щипоткой соли.\r\nПолучается очень вкусно и солено! Приятного аппетита!", "cooking_time": 1, "slug": "solenyij-hleb", "pub_date": "2021-02-26T19:41:37.838Z", "tags": [1, 2, 3]}}, {"model": "recipes.recipe", "pk": 5, "fields": {"author": 2, "title": "Салат \"Царский\"", "image": "recipes/a5.jpg", "text": "\"Салат царский\" - возьмите две сосиски, пару картофелин сваренных в мундире, нарежьте все ингредиенты кубиком и смешайте с растительным маслом. Потрясающий вкус с нотками студенчества гарантирован!", "cooking_time": 30, "slug": "salat-tsarskij", "pub_date": "2021-02-26T19:43:46.007Z", "tags": [2, 3]}}, {"model": "recipes.recipe", "pk": 6, "fields": {"author": 3, "title": "Вареные сосиски", "image": "recipes/a6.jpg", "text": "Налить воду в кастрюлю\r\nПоложить сосиски в воду\r\nВскипятить воду с сосисками\r\nВарить несколько минут\r\nПриготовить соус: открыть майонез, выдавить майонез\r\nПодавать с соусом (майонезом). Приятной трапезы!", "cooking_time": 8, "slug": "varenyie-sosiski", "pub_date": "2021-02-26T19:44:31.841Z", "tags": [1, 2, 3]}}, {"model": "recipes.recipe", "pk": 7, "fields": {"author": 5, "title": "Язык в горчице", "image": "recipes/a7.jpeg", "text": "Высунутый язык засовывают в баНку с горчицей. Держат до 5-6 минут. После вынимания посыпают перцем по вкусу.", "cooking_time": 5, "slug": "yazyik-v-gorchitse", "pub_date": "2021-02-26T19:45:32.242Z", "tags": [2]}}, {"model": "recipes.recipeingredient", "pk": 1, "fields": {"recipe": 1, "ingredient": 1, "quantity": "1.0"}}, {"model": "recipes.recipeingredient", "pk": 2, "fields": {"recipe": 2, "ingredient": 1, "quantity": "1.0"}}, {"model": "recipes.recipeingredient", "pk": 3, "fields": {"recipe": 3, "ingredient": 1, "quantity": "1.0"}}, {"model": "recipes.recipeingredient", "pk": 4, "fields": {"recipe": 3, "ingredient": 2, "quantity": "5.0"}}, {"model": "recipes.recipeingredient", "pk": 5, "fields": {"recipe": 4, "ingredient": 3, "quantity": "500.0"}}, {"model": "recipes.recipeingredient", "pk": 6, "fields": {"recipe": 4, "ingredient": 4, "quantity": "3.0"}}, {"model": "recipes.recipeingredient", "pk": 7, "fields": {"recipe": 5, "ingredient": 5, "quantity": "300.0"}}, {"model": "recipes.recipeingredient", "pk": 8, "fields": {"recipe": 5, "ingredient": 6, "quantity": "3.0"}}, {"model": "recipes.recipeingredient", "pk": 9, "fields": {"recipe": 5, "ingredient": 2, "quantity": "10.0"}}, {"model": "recipes.recipeingredient", "pk": 10, "fields": {"recipe": 5, "ingredient": 4, "quantity": "2.0"}}, {"model": "recipes.recipeingredient", "pk": 11, "fields": {"recipe": 6, "ingredient": 6, "quantity": "3.0"}}, {"model": "recipes.recipeingredient", "pk": 12, "fields": {"recipe": 7, "ingredient": 7, "quantity": "100.0"}}, {"model": "recipes.tag", "pk": 1, "fields": {"title": "breakfast", "display_name": "Завтрак", "color": "green"}}, {"model": "recipes.tag", "pk": 2, "fields": {"title": "lunch", "display_name": "Обед", "color": "orange"}}, {"model": "recipes.tag", "pk": 3, "fields": {"title": "dinner", "display_name": "Ужин", "color": "purple"}}]